Método,Tamaño,Tiempo
TimSort,3445,0.0031869999984337483
Pigeonhole Sort,3445,0.00518000000010943
BucketSort,3445,0.009565100001054816
Tree Sort,3445,0.043508400001883274
QuickSort,3445,0.06578529999751481
HeapSort,3445,0.0660310000021127
RadixSort,3445,0.1025461000026553
Bitonic Sort,3445,0.11085480000110692
Binary Insertion Sort,3445,0.12313519999952405
Comb Sort,3445,0.12576870000339113
Selection Sort,3445,4.229584799999429
Gnome Sort,3445,4.954354199999216
