Método,Tamaño,Tiempo
TimSort,5216,0.009599800003343262
Pigeonhole Sort,5216,0.009684399999969173
BucketSort,5216,0.0286298999999417
Tree Sort,5216,0.06906770000205142
HeapSort,5216,0.12378320000061649
QuickSort,5216,0.12749429999894346
Bitonic Sort,5216,0.2260907000018051
RadixSort,5216,0.24806069999976899
Binary Insertion Sort,5216,0.27392429999963497
Comb Sort,5216,0.32273280000299565
Gnome Sort,5216,14.08043220000036
Selection Sort,5216,14.598471900000732
